001,Z01,001_Z01,23,12/01/17 09:30:00 AM
001,Z02,001_Z02,23,12/01/17 09:30:00 AM
001,Z03,001_Z03,24,12/01/17 09:30:00 AM
001,Z04,001_Z04,26,12/01/17 09:30:00 AM
001,Z05,001_Z05,27,12/01/17 09:30:00 AM
002,Z01,002_Z01,23,12/01/17 09:30:00 AM
002,Z02,002_Z02,23,12/01/17 09:30:00 AM
002,Z03,002_Z03,24,12/01/17 09:30:00 AM
002,Z04,002_Z04,25,12/01/17 09:30:00 AM
003,Z01,003_Z01,23,12/01/17 09:30:00 AM
003,Z02,003_Z02,23,12/01/17 09:30:00 AM
003,Z03,003_Z03,24,12/01/17 09:30:00 AM
004,Z01,004_Z01,23,12/01/17 09:30:00 AM
004,Z02,004_Z02,24,12/01/17 09:30:00 AM
004,Z03,004_Z03,26,12/01/17 09:30:00 AM
004,Z04,004_Z04,27,12/01/17 09:30:00 AM
004,Z05,004_Z05,23,12/01/17 09:30:00 AM
004,Z06,004_Z06,23,12/01/17 09:30:00 AM
005,Z01,005_Z01,23,12/01/17 09:30:00 AM
005,Z02,005_Z02,23,12/01/17 09:30:00 AM
005,Z03,005_Z03,24,12/01/17 09:30:00 AM
005,Z04,005_Z04,26,12/01/17 09:30:00 AM
005,Z05,005_Z05,27,12/01/17 09:30:00 AM
005,Z06,005_Z06,23,12/01/17 09:30:00 AM
005,Z07,005_Z07,23,12/01/17 09:30:00 AM
006,Z01,006_Z01,24,12/01/17 09:30:00 AM
006,Z02,006_Z02,26,12/01/17 09:30:00 AM
006,Z03,006_Z03,27,12/01/17 09:30:00 AM
